url_path,views_total,views_unique
/Ash-codes18/Lpu-colab-CPP-DSA-Soln/tree/main/CSE-202%20C%2B%2B/Unit-1,325,57
/Ash-codes18/Lpu-colab-CPP-DSA-Soln/tree/main/CSE-205%20DSA,318,61
/Ash-codes18/Lpu-colab-CPP-DSA-Soln/tree/main/CSE-202%20C%2B%2B,288,63
/Ash-codes18/Lpu-colab-CPP-DSA-Soln/tree/main/CSE-205%20DSA/Unit-1,257,47
/Ash-codes18/Lpu-colab-CPP-DSA-Soln/tree/main/CSE-205%20DSA/Unit-1/Lecture%203/COD,195,31
/Ash-codes18/Lpu-colab-CPP-DSA-Soln,184,111
/Ash-codes18/Lpu-colab-CPP-DSA-Soln/tree/main/CSE-205%20DSA/Unit-1/Lecture%203,169,32
/Ash-codes18/Lpu-colab-CPP-DSA-Soln/tree/main/CSE-202%20C%2B%2B/Unit-1/Lecture%203,135,15
/Ash-codes18/Lpu-colab-CPP-DSA-Soln/tree/main/CSE-202%20C%2B%2B/Unit-1/Lecture%202,131,30
/Ash-codes18/Lpu-colab-CPP-DSA-Soln/blob/main/CSE-205%20DSA/Unit-1/Lecture%203/COD/Ans1.cpp,115,22
